strategy,match_rate,avg_util
Top10,0.22375,1.6091422474069514
Random10,0.40625,1.02897095793432
RTS,0.40175,1.0314980091318946
EU,0.335,1.3360155911242242
